id,first_name,last_name,cycle,department,speciality,year,note
com.purevolume.Flexidy,Shani,McTrustey,master,math,SN,master1,9.35
com.huffingtonpost.Temp,Tomasine,Rutledge,master,info,SN,master2,3.88
cn.com.china.Stronghold,Francyne,MacCrachen,licence,math,MATH,licence3,9.44
com.ask.Zoolab,Corly,Kingett,master,sm,PHYSIQUE,master1,10.06
com.blogspot.Latlux,Sergio,Goodee,licence,st,RT,licence1,10.33
com.ted.Zamit,Kittie,Seage,master,math,MATH,licence1,9.96
com.foxnews.Solarbreeze,Samantha,Foresight,licence,math,PHYSIQUE,licence3,8.83
net.a8.Stronghold,Daven,Gradly,master,st,PHYSIQUE,master2,8.46
com.about.Zathin,Alisun,Vinker,master,sm,GL,master1,9.29
com.diigo.Pannier,Louella,Bradberry,licence,sm,PHYSIQUE,licence3,9.93
me.about.Bytecard,Jayme,Sand,master,math,RT,master2,9.54
com.tripod.Keylex,Haily,Tythe,master,info,MATH,licence2,8.29
gov.epa.Otcom,Katerina,Dodsworth,master,math,RT,licence1,10.02
edu.utexas.Overhold,Carie,Robens,master,sm,SN,licence1,10.14
net.earthlink.Bamity,Maybelle,Saylor,master,st,PHYSIQUE,licence3,9.44
au.gov.privacy.Y-Solowarm,Netti,Taberner,master,info,RT,master1,10.71
gov.irs.Fintone,Ingunna,Maylam,licence,st,SN,licence2,10.87
org.edublogs.Regrant,Kissiah,Barnwall,master,info,SN,licence2,10
com.quantcast.Tempsoft,Aron,Lamonby,master,info,MATH,licence3,9.93
com.mapquest.Bamity,Fayette,Wasmer,master,st,GL,master1,11.74
com.sciencedaily.Zathin,Massimo,Rogers,master,math,GI,master1,10.98
com.reuters.Sub-Ex,Cecile,Galley,licence,math,GL,master2,9.69
edu.harvard.Job,Jacquelynn,Pengilley,master,sm,MATH,licence2,9.03
jp.ne.dion.Fix San,Tad,Ceely,licence,sm,GL,licence1,10.77
com.bloomberg.Subin,Marylou,Hamshaw,master,math,RT,licence1,10.01
edu.illinois.Stim,Melody,Hamper,master,st,RT,master1,8.62
com.zdnet.Bytecard,Karie,Hein,master,sm,PHYSIQUE,licence2,10.1
uk.co.guardian.Alphazap,Rosy,Knock,master,sm,MATH,master2,3.7
net.php.Voltsillam,Carmina,Yele,master,st,MATH,licence3,9.07
com.theatlantic.Fintone,Barnaby,Winning,master,math,GI,licence3,9.42
gov.ca.Daltfresh,Thane,McEvoy,licence,math,GI,master1,10.64
com.naver.Sonair,Garey,Drysdall,master,math,MATH,master2,9.15
com.amazonaws.Fix San,Lynn,Heam,licence,math,MATH,master2,9.06
ru.rambler.Sonair,Ethelbert,Burgis,licence,math,RT,licence2,8.24
com.parallels.Home Ing,Gianna,Kivelhan,licence,sm,SN,licence2,9.84
uk.co.amazon.Bytecard,Charlot,Flitcroft,licence,math,PHYSIQUE,master1,8.42
com.bizjournals.Domainer,Maegan,Philpott,licence,info,PHYSIQUE,licence3,10.11
com.squidoo.Job,Cassondra,Tukely,master,sm,RT,licence1,7.38
com.youtube.Biodex,Kaitlynn,Benedikt,master,sm,SN,licence3,9.66
gov.irs.Aerified,Gisela,Tinan,master,sm,GL,licence1,3.37
com.wikispaces.Y-Solowarm,Miquela,Michal,master,math,MATH,licence3,8.27
com.moonfruit.It,Ailyn,Affuso,licence,sm,RT,master2,10.29
com.businesswire.Viva,Rickard,Bolding,licence,st,SN,master2,9.42
com.cnn.Transcof,Beth,MacArdle,licence,st,MATH,licence2,8.97
gov.cdc.Greenlam,Rahel,Tafani,master,sm,PHYSIQUE,master2,12.23
com.tripadvisor.Tampflex,Julius,Bergstrand,licence,sm,GI,licence2,10.21
com.ebay.Domainer,Rozalie,Shaddick,licence,info,GL,master1,9.81
org.dmoz.Overhold,Shauna,Fortun,master,info,MATH,licence2,9.21
com.mashable.Asoka,Job,Kingston,master,math,MATH,licence1,10.12
com.howstuffworks.Bitwolf,Celka,Aspland,master,math,SN,master1,0.34
nl.google.Duobam,Berton,Bellefonte,licence,math,GI,licence2,15.09
com.merriam-webster.Ventosanzap,Jennee,Ranaghan,licence,info,SN,licence1,9.88
mil.army.Konklux,Annadiane,Sinisbury,master,info,GI,master1,6.4
com.mtv.Keylex,Chan,Cristofari,licence,sm,SN,master2,8.2
com.ted.Gembucket,Jesse,Finicj,master,info,GI,licence3,12.39
uk.co.thetimes.Job,Fran,Urch,master,info,GI,licence1,8.68
cz.toplist.Asoka,Traci,Goodier,master,math,RT,licence2,9.47
org.wikipedia.Viva,Livvy,Fay,licence,st,RT,licence1,10.47
com.hexun.Vagram,Adria,Sotheron,master,math,SN,master1,10.39
ca.google.Biodex,Juliana,Jallin,licence,sm,PHYSIQUE,licence1,11.09
org.joomla.Sonair,Rosemonde,Shalcras,licence,info,GI,master2,10.65
com.businessweek.Tres-Zap,Gaile,Ruselin,master,sm,PHYSIQUE,master2,8.39
com.amazonaws.Sonair,Hall,Gerardet,master,st,PHYSIQUE,master2,9.05
com.cbsnews.Home Ing,Dud,Collingworth,licence,sm,RT,licence3,10.36
org.w3.Daltfresh,Hannah,Ansill,licence,sm,PHYSIQUE,master1,12.14
com.constantcontact.Bytecard,Antonetta,Maleham,licence,sm,SN,licence3,13.4
jp.ne.hatena.Toughjoyfax,Mauricio,Hellmer,master,st,GI,licence3,11.79
com.huffingtonpost.Konklab,Ariella,Sorsby,licence,st,RT,master1,9.1
com.merriam-webster.Otcom,Ashton,Malley,master,sm,GL,master1,10.2
gl.goo.Alpha,Buddie,Stuke,master,sm,RT,licence2,10.16
com.netvibes.Sonair,Andonis,Hannant,master,st,GI,master1,6.67
ly.ow.Alpha,Georgine,Sporrij,master,sm,MATH,licence3,8.45
jp.ne.dion.Opela,Sherilyn,Americi,master,st,GL,master1,8.85
jp.jugem.Fintone,Bobbee,Lecky,master,st,GI,master2,9.69
gov.cdc.Namfix,Eberhard,Turton,master,st,GL,master1,7.55
net.a8.Zamit,Mair,Soars,licence,sm,SN,licence3,10.13
info.aboutads.Otcom,Zebadiah,McInteer,master,info,PHYSIQUE,licence3,9.93
de.spiegel.Sonair,Elias,Leversuch,master,info,MATH,licence2,11.06
gov.nps.Zontrax,Angel,Dearle,master,sm,GI,licence3,8.6
com.live.Cardify,Theressa,Byre,master,sm,GI,licence3,10.18
org.gmpg.Latlux,Bernelle,Loudian,licence,st,PHYSIQUE,master2,9.01
com.ft.Tempsoft,Pietra,Dodridge,licence,info,RT,licence1,10.56
com.vimeo.Stronghold,Cesya,Calven,master,sm,PHYSIQUE,licence1,8.1
com.trellian.Stringtough,Essa,Vasin,master,math,MATH,licence1,10.76
org.slashdot.Stronghold,Marjy,Rayer,licence,st,SN,master2,3.76
us.icio.Flexidy,Guillema,Maslen,master,sm,PHYSIQUE,master2,8.14
uk.co.amazon.Redhold,Lindy,Mungin,master,info,PHYSIQUE,master2,8.34
com.technorati.Zoolab,Morgen,Birtwhistle,licence,st,PHYSIQUE,master2,9
cn.360.Vagram,Bettina,Drezzer,licence,math,SN,master1,10.11
org.slashdot.Zontrax,Lewiss,Losselyong,licence,math,MATH,licence2,10.37
com.ning.Namfix,Culver,Pomphrett,licence,st,MATH,licence3,10.26
com.dagondesign.Bytecard,Ninon,Loosemore,master,math,PHYSIQUE,master2,9.94
com.baidu.Bamity,Oralle,Bowden,master,sm,PHYSIQUE,master1,9.42
com.storify.Holdlamis,Oliy,Cejka,licence,st,RT,licence1,2.89
com.purevolume.Zaam-Dox,Ki,Spadaro,licence,st,MATH,licence1,9.87
org.unesco.Overhold,Nathanael,Smyley,licence,st,MATH,licence3,1.65
com.wsj.Keylex,Kania,Toope,licence,sm,GL,master2,9.64
au.com.google.Flexidy,Helyn,Westrip,master,info,GL,master1,7.92
com.wordpress.Lotstring,Taber,Eagell,licence,info,MATH,licence1,9.16
com.eepurl.Matsoft,Emory,Agirre,master,math,PHYSIQUE,master2,14.54
com.digg.Zoolab,Hewe,Freeman,master,sm,RT,licence3,10.33
uk.co.independent.Lotlux,Cally,Tinto,master,math,GL,licence1,13.73
com.quantcast.Stringtough,Glad,McCoughan,licence,info,PHYSIQUE,master2,10.56
com.wikispaces.Treeflex,Yoko,Obee,master,math,PHYSIQUE,licence3,10.35
net.earthlink.Konklux,Brion,Tomkin,licence,st,GL,master1,9.57
gd.is.Lotstring,Petronille,Seely,licence,info,GI,master1,10.3
gov.state.Subin,Milka,Geraldo,licence,sm,RT,licence2,9.47
gov.hud.Greenlam,Putnam,Baress,master,st,SN,licence2,10.3
com.deviantart.Matsoft,Cosetta,Brandt,master,st,PHYSIQUE,licence1,10.79
com.ycombinator.Alpha,Winna,Claiden,licence,info,GL,master2,11.68
com.businesswire.Kanlam,Shirlee,Collyear,master,sm,SN,licence1,9.68
jp.ne.biglobe.Trippledex,Dominica,Furman,master,sm,MATH,master1,9.66
com.nationalgeographic.Fintone,Marcie,Trewhella,licence,sm,MATH,licence2,9.97
fr.unblog.Andalax,Henryetta,Northleigh,master,st,MATH,licence2,8.93
com.statcounter.Voltsillam,Lin,Windham,licence,sm,SN,licence3,10.02
com.digg.Greenlam,Waneta,Youings,licence,math,MATH,licence2,12.79
jp.co.infoseek.It,Sybilla,Bilston,licence,math,PHYSIQUE,licence3,9.93
com.hibu.Quo Lux,Latrena,Coneybeare,licence,math,SN,licence1,9.46
co.t.Sonair,Tabbatha,Oley,master,st,RT,licence3,11.15
com.nydailynews.Y-find,Debora,Hartland,licence,info,SN,master2,10.31
com.list-manage.Y-Solowarm,Oren,Curtiss,master,math,MATH,licence1,10.44
gov.hud.Home Ing,Brigg,Airds,master,st,RT,licence2,8.94
com.myspace.Tampflex,Kaspar,McInility,licence,sm,PHYSIQUE,licence1,9.65
com.businesswire.Stim,Abbie,Mocquer,licence,math,MATH,master1,11.52
pl.home.Y-Solowarm,Jenica,China,licence,info,GL,master2,9.22
com.blogtalkradio.Alpha,Danita,Heiton,master,sm,MATH,master1,9.86
edu.tamu.Namfix,Cathee,Coules,licence,sm,GI,licence2,10.11
cn.desdev.Andalax,Ginnie,Ockenden,master,info,RT,licence2,10.67
com.imgur.Matsoft,Carmela,Gifkins,licence,info,PHYSIQUE,licence1,9.24
com.prweb.Biodex,Garner,Sandars,licence,info,GI,licence2,9.32
com.addtoany.Trippledex,Hogan,Brownsey,licence,sm,RT,licence1,7.42
com.ezinearticles.Pannier,Linn,Lamont,licence,info,RT,licence1,10.54
com.vk.Zoolab,Guthry,Oneal,master,st,RT,master2,13.97
com.prweb.Konklab,Tessie,Pache,master,sm,MATH,master2,7.66
com.netlog.Opela,Daniela,Anster,master,st,GL,master2,10.46
com.flickr.Bamity,Stephanus,Berzin,licence,info,RT,licence1,14.8
com.over-blog.Lotstring,Marne,Breitler,master,st,GI,licence2,9.68
gl.goo.Fix San,Freda,Tolliday,licence,math,GI,licence2,9.73
au.com.google.Pannier,Jemima,Yurchenko,licence,info,SN,licence1,10.57
com.cnet.Rank,Natasha,Tayler,master,info,MATH,licence2,10.66
com.elpais.It,Laraine,Birkbeck,licence,sm,GL,licence1,9.74
com.sogou.Temp,Barton,Cymper,licence,sm,PHYSIQUE,licence2,9.82
com.omniture.Tin,Moishe,Shervington,master,sm,GL,master2,8.89
com.economist.Voyatouch,Jeramey,Bassingden,master,sm,GL,master2,8.74
com.photobucket.Alphazap,Heindrick,Rastrick,licence,math,SN,master2,9.83
gov.nps.Quo Lux,Corie,Bentson,licence,st,PHYSIQUE,master1,9.86
net.a8.Cardify,Maxie,Saice,master,sm,SN,licence1,9.56
com.mozilla.Stim,Cornela,Bootman,master,info,MATH,licence2,9.87
com.hugedomains.It,Raffaello,Trusse,master,st,SN,licence2,10.28
com.cbsnews.Fintone,Rudie,Deakin,master,info,SN,licence2,9.29
net.comcast.Sub-Ex,Darelle,Episcopio,licence,sm,MATH,licence1,9.81
com.elegantthemes.Aerified,Georgena,Crayker,licence,info,SN,licence3,9.89
com.tinypic.Bitwolf,Nelle,Chessun,master,sm,GI,master2,10.95
com.posterous.Ronstring,Welsh,Shoppee,master,info,MATH,licence1,10.61
com.nature.Tres-Zap,Leonora,Phinnessy,licence,sm,MATH,licence1,8.73
com.woothemes.Biodex,Lee,Leborgne,licence,math,SN,master1,9.53
com.tumblr.Ronstring,Domenico,Blesli,master,st,GL,master1,10.76
info.aboutads.Redhold,Gregor,Jacquemard,licence,info,GL,master1,11.57
au.com.smh.Asoka,Harlen,Hamlington,licence,st,GL,master1,10.21
com.surveymonkey.Pannier,Emmie,Hallbird,licence,info,GI,master1,10.28
com.cbsnews.It,Toddy,Burtonwood,master,sm,SN,licence2,10.49
com.squidoo.Redhold,Lazare,Theze,licence,st,GI,master1,10.27
com.angelfire.Holdlamis,Vita,Sloam,master,math,PHYSIQUE,licence3,8.2
com.skype.Stringtough,Ave,McWilliam,licence,info,GL,licence1,9.65
com.dropbox.Otcom,Allys,Garrigan,master,sm,PHYSIQUE,licence2,10.21
net.cpanel.Zaam-Dox,Jasen,Jodrellec,licence,info,GL,master1,10.26
org.un.Veribet,Lonnie,McKeag,master,sm,GI,licence3,9.69
com.ifeng.Wrapsafe,Salomi,Fewtrell,licence,sm,GI,master2,8.16
com.feedburner.Zontrax,Dar,Figgen,master,st,RT,licence2,9.12
org.un.Veribet,Dyanna,Mulvy,licence,sm,GL,master1,10.48
com.mac.Alpha,Craggie,Tilbrook,licence,info,GI,master2,13.8
edu.upenn.Zontrax,Grata,Deetlof,licence,sm,SN,master2,10.32
com.nymag.Cookley,Lethia,Tortoise,licence,sm,PHYSIQUE,master2,10.83
com.about.Job,Uri,Hamflett,master,info,GI,licence2,9.71
com.tmall.Solarbreeze,Wadsworth,Jeggo,licence,st,PHYSIQUE,master2,10.8
jp.or.plala.Overhold,Courtney,Waldie,master,st,RT,licence1,9.15
net.comcast.Redhold,Claybourne,De Zamudio,licence,info,MATH,licence2,10.62
gov.senate.Bitchip,Lydie,Gloyens,licence,sm,GL,master1,9.47
com.taobao.Latlux,Katharyn,Glendzer,master,st,SN,master2,11.69
gov.nasa.Sonsing,Linn,Ben-Aharon,master,math,RT,master2,10.23
com.blogger.Matsoft,Ruth,Soots,licence,math,GL,licence3,9.59
com.github.Treeflex,Vilhelmina,Razzell,master,math,GI,licence3,12.38
com.bluehost.Prodder,Lucias,La Vigne,master,sm,MATH,licence3,11.27
cn.com.sina.Otcom,Morry,Cullivan,licence,st,RT,licence2,11.53
com.digg.Stim,Waylin,Monsey,licence,math,RT,licence1,10.13
com.dagondesign.Rank,Ashleigh,Dunphy,licence,math,GI,master1,9.94
com.jigsy.Regrant,Fey,Bazylets,master,st,MATH,master2,9.09
org.pbs.Voyatouch,Florida,Dunwoody,licence,info,RT,licence1,11.67
gov.whitehouse.Viva,Ardath,Ralph,master,sm,RT,master1,11.91
com.tripod.Bitwolf,Carin,Teas,master,math,RT,master2,11.03
com.dailymotion.Flowdesk,Willow,Conneau,licence,math,RT,master2,13.11
int.who.Aerified,Brana,Yate,licence,st,RT,licence3,10.8
com.yolasite.Voltsillam,Sholom,Nisby,master,sm,PHYSIQUE,master1,13.11
jp.or.plala.Konklab,Theresita,Marxsen,master,info,GL,licence1,9.86
com.go.Opela,Susanne,Pesterfield,licence,math,GL,licence3,11
com.sphinn.Konklux,Chance,Sawyer,licence,info,MATH,master2,10.62
uk.co.google.Asoka,Carolyne,McCandless,master,st,GL,licence1,11.35
gov.hhs.Flexidy,Waverley,Gibling,master,st,GI,licence3,10.08
eu.europa.Bitchip,Zak,McCool,licence,st,PHYSIQUE,licence1,11.05
com.nationalgeographic.Regrant,Mariette,Conlaund,master,info,RT,licence2,9.68
net.seesaa.Stim,Nata,Carles,master,info,PHYSIQUE,licence1,10.8
uk.co.webeden.Voltsillam,Humfried,Presslee,master,sm,RT,licence1,10.14
gov.noaa.Holdlamis,Errol,Eastbury,master,info,RT,master2,9.96
pl.home.Y-find,Dolf,Trayling,licence,sm,SN,licence2,0.49
com.github.Kanlam,Tailor,Tomes,master,info,MATH,licence3,9.91
com.theguardian.Overhold,Augustine,Lettley,licence,info,RT,master1,9.13
it.google.Latlux,Vin,Rushman,master,math,SN,licence3,10.88
com.cnn.Asoka,Sadie,Garr,master,sm,PHYSIQUE,licence3,15.14
gov.usa.Latlux,Stormie,Torrecilla,licence,st,GL,master2,9.67
com.reference.Stim,Bibi,Jandac,licence,st,RT,licence1,7.64
com.over-blog.Stringtough,Gerrard,Kaspar,master,info,GI,master2,9.6
com.chicagotribune.Home Ing,Bert,Le Provost,licence,st,RT,licence1,11.69
com.addtoany.Zamit,Kasper,Owers,licence,info,RT,master1,10.14
com.quantcast.Zathin,Yorgo,Leishman,master,st,GL,master2,11.17
edu.cmu.Fintone,Catha,McCarron,licence,info,PHYSIQUE,master2,6.9
net.seesaa.Bigtax,Evita,Goodenough,master,st,RT,master1,9.64
net.discuz.Zaam-Dox,Bernardo,Toulamain,licence,info,SN,licence1,10.44
org.wikimedia.Regrant,Dotti,Leeb,master,sm,GL,licence2,8.47
com.cdbaby.Vagram,Marijn,Errichi,master,math,PHYSIQUE,licence3,9.3
com.vk.Mat Lam Tam,Lucita,Matejka,master,info,SN,licence2,9.96
ly.ow.Opela,Jaquenette,Bridywater,licence,math,GL,licence3,10.88
com.trellian.Sonsing,Rollins,Vanderson,licence,st,MATH,licence1,10.87
com.icq.Quo Lux,Lon,Durno,licence,sm,GL,licence2,6.04
com.imgur.Lotlux,Sallie,Bastin,master,math,SN,licence1,9.98
jp.ne.so-net.Toughjoyfax,Merrill,Marder,licence,math,MATH,master1,9.5
edu.utexas.Opela,Dale,Grishin,licence,math,GI,licence3,10.73
com.wix.Konklab,Mahalia,Hulett,master,sm,MATH,master1,12.38
com.economist.Cardify,Marsh,MacKellen,master,info,RT,licence1,5.53
com.java.Viva,Suki,Gorey,licence,math,RT,master2,10.34
com.acquirethisname.It,Lorine,Redman,licence,st,GL,licence3,9.18
com.pcworld.Namfix,Carolus,Musselwhite,master,math,GL,licence1,10
us.tx.state.Asoka,Boonie,Filewood,master,math,GI,licence2,9.15
com.ebay.Cardguard,Hanan,Rival,licence,sm,GI,licence1,10.43
com.surveymonkey.Zamit,Brady,Marchelli,master,info,GI,licence1,9.9
com.latimes.Rank,Bradney,Fryett,licence,math,PHYSIQUE,licence3,9.21
org.opensource.Otcom,Berkie,Hearn,licence,info,RT,master2,11.1
com.163.Kanlam,Lidia,Yashanov,master,info,RT,licence1,10.33
com.alibaba.Vagram,Catlaina,Sheehan,master,st,MATH,master1,8.29
com.goodreads.Konklab,Raine,Scallan,master,math,GI,licence1,9.85
com.mozilla.Zaam-Dox,Alec,Filippi,master,info,PHYSIQUE,master1,9.92
com.skype.Span,Adelheid,Puckinghorne,master,math,RT,master1,0.09
com.sun.Tin,Frayda,Knee,licence,st,SN,master1,9.92
com.netscape.Bitchip,Alvinia,Strettell,licence,sm,GL,licence2,8.34
com.flickr.Bytecard,Bambi,Dunniom,licence,sm,GL,licence3,10.6
de.t-online.Latlux,Alaster,Minghi,licence,st,RT,master2,9.55
com.gravatar.Bitwolf,Eugene,Beddie,master,st,SN,licence1,10.53
com.blog.Voyatouch,Kay,Coltherd,licence,sm,GI,licence1,10.11
com.nbcnews.Fixflex,Barton,Lebrun,licence,info,PHYSIQUE,licence3,12.09
com.newsvine.Bytecard,Dulcy,Shearsby,master,st,PHYSIQUE,master2,10.34
com.nationalgeographic.Subin,Marty,Bampfield,master,math,RT,master2,10.13
jp.co.yahoo.Bytecard,Beth,Camis,master,sm,GL,master1,11.11
ru.vkontakte.Alpha,Harp,Bramford,licence,info,MATH,licence1,10.29
com.dropbox.Biodex,Enid,Shellard,master,st,GL,licence2,9.16
com.taobao.Tin,Tildy,Moyler,licence,sm,RT,master1,10.7
org.archive.Biodex,Sheridan,Lightbourne,licence,math,GL,licence2,11.5
com.reuters.It,Jyoti,Wheatman,master,info,GL,licence1,9.41
jp.geocities.Keylex,Marcellina,Sylett,licence,math,SN,master2,10.65
com.topsy.Fix San,Herrick,Finneran,licence,math,PHYSIQUE,licence3,9.51
com.answers.Ronstring,Maxy,Blessed,master,st,MATH,licence3,9.87
com.ucoz.Fixflex,Igor,Guilloton,licence,math,RT,master1,8.88
com.businessinsider.Greenlam,Nannie,Brightey,licence,math,PHYSIQUE,master2,9.36
cz.toplist.Bamity,Shina,Armitt,licence,info,SN,licence1,10.75
com.gizmodo.Fintone,Sol,Marshland,licence,math,RT,licence3,9.56
com.qq.Kanlam,Zebulon,Agney,master,math,RT,master2,11.61
edu.washington.Subin,Doroteya,Krollmann,licence,sm,MATH,master1,10.13
com.sitemeter.Voyatouch,Art,Slidders,master,sm,PHYSIQUE,master2,10.29
com.quantcast.Transcof,Kilian,Cornillot,master,info,GI,licence2,9.36
gov.senate.Alphazap,Daryle,Dowdney,master,st,PHYSIQUE,master1,9.83
com.weibo.Biodex,Donnell,Houlson,licence,info,RT,master2,12.18
gd.is.Pannier,Tabatha,Antonopoulos,master,st,SN,licence1,10.04
com.flickr.Transcof,Francisco,Swatton,licence,math,MATH,master1,10.05
de.amazon.Biodex,Danya,Daubney,master,math,SN,licence3,10.21
com.xing.Greenlam,Henka,Shotboulte,licence,math,PHYSIQUE,master1,11.96
com.hexun.Solarbreeze,Berna,Antcliffe,master,math,SN,master2,9.86
com.hexun.Treeflex,Renaldo,Bencher,master,sm,PHYSIQUE,licence2,9.46
com.yellowbook.Hatity,Layney,Mignot,master,math,SN,master1,9.61
com.yolasite.Bamity,Suzanna,Gossop,master,math,SN,licence1,12.91
com.mapquest.Tempsoft,Guthry,Wooldridge,licence,math,RT,licence1,10.32
org.archive.Keylex,Melissa,Ciottoi,licence,sm,SN,master1,10.84
gov.loc.Pannier,Redd,Hassall,licence,sm,MATH,licence3,8.68
au.com.smh.Fix San,Beulah,Uttridge,master,sm,RT,master1,9.67
gov.hud.Holdlamis,Petra,Sockell,licence,st,PHYSIQUE,licence3,10.57
cn.360.Tampflex,Caryn,Matson,master,info,GI,master2,9.87
com.newsvine.Bitwolf,Ade,Sagrott,master,info,GI,licence2,9.83
com.sphinn.Sub-Ex,Lynne,Grisenthwaite,master,st,RT,licence2,10.32
com.go.Stim,Isabella,Michieli,licence,sm,GL,licence2,10.12
com.purevolume.Otcom,Lucina,Pezey,master,info,SN,licence2,10.99
com.time.Cardify,Lyndel,Ladyman,master,math,SN,master2,10.06
com.deliciousdays.Zamit,Giorgia,Wollen,master,info,RT,licence3,10.28
com.nytimes.Flowdesk,Cass,Whibley,master,math,SN,master2,11.92
com.devhub.Transcof,Lorne,Sign,master,info,SN,licence1,9.21
com.over-blog.Lotlux,Ciro,Speakman,licence,sm,MATH,licence2,10.56
info.aboutads.Greenlam,Charline,Mulderrig,master,sm,RT,licence2,11.22
org.joomla.Bitwolf,Thia,Fabbro,master,info,GI,master1,11.94
com.delicious.Zontrax,Gweneth,Etherton,licence,info,GI,master2,13.87
com.marketwatch.Flowdesk,Ingaberg,Semered,master,st,GL,master1,10.13
com.mtv.Y-find,Lishe,Pyson,licence,sm,PHYSIQUE,licence3,10.12
uk.co.ebay.Keylex,Elwira,McPharlain,licence,st,SN,master1,12.23
cn.gov.miibeian.Latlux,Ivett,Clemmey,master,sm,GI,master1,12.3
com.etsy.Solarbreeze,Loutitia,Gubbins,licence,sm,GI,master1,9.66
cn.desdev.Cardguard,Welch,Suggate,licence,sm,MATH,licence3,10.65
jp.ne.goo.Y-Solowarm,Miguel,Kirwan,master,info,PHYSIQUE,master2,11.91
la.51.Treeflex,Bucky,Cashford,licence,info,PHYSIQUE,licence2,10.16
org.dyndns.Redhold,Annmarie,Greenhall,licence,info,PHYSIQUE,master2,12.47
gov.whitehouse.Tampflex,Clemence,Iohananof,licence,math,MATH,master2,10.45
com.qq.Zaam-Dox,Elfie,Peerless,master,info,GL,master2,8.93
com.bloomberg.Ventosanzap,Rubie,Baignard,master,math,SN,licence1,10.58
au.com.google.Pannier,Nathalia,Kleinhandler,master,sm,RT,licence1,10.22
net.themeforest.Latlux,Ivor,Helkin,master,math,RT,licence1,10.47
com.ihg.Bigtax,Sanson,Talman,licence,st,MATH,licence3,9.97
edu.si.Job,Scarface,Goracci,licence,st,GL,licence3,10.09
com.omniture.Alphazap,Phillip,Streeten,master,math,SN,licence1,9.92
cn.360.Temp,Rhonda,Lightoller,licence,info,RT,master1,13.31
uk.co.bbc.Namfix,Janis,Pursehouse,licence,st,RT,licence2,10.36
gov.epa.Zathin,Whitaker,Hadaway,licence,st,MATH,master1,10.3
com.friendfeed.Trippledex,Salomone,Crossby,licence,math,RT,licence1,11.71
edu.ucsd.Ronstring,Lilyan,Grooby,master,sm,MATH,master2,11.21
com.cargocollective.Fix San,Aimil,Shawcroft,licence,sm,MATH,master1,8.23
com.scientificamerican.Keylex,Danette,Haddington,licence,st,MATH,master1,10.17
de.t-online.Kanlam,Dyana,Hanwright,master,sm,GI,licence3,12.17
com.phpbb.Otcom,Corty,Glynn,licence,st,PHYSIQUE,master1,10.24
com.cbsnews.Trippledex,Aggie,Benito,master,st,SN,licence2,11.4
com.bizjournals.Greenlam,Winnie,Stutard,licence,st,SN,licence3,9.83
com.theglobeandmail.Sonsing,Joice,Cattell,licence,st,RT,master1,11.85
int.who.Lotstring,Alice,Khristoforov,master,st,RT,licence3,12.02
com.domainmarket.Wrapsafe,Laughton,Bootton,licence,math,SN,master2,10.03
gov.fema.Fintone,Louisa,Guiel,master,st,GL,master1,9.58
com.intel.Span,Adrian,Ithell,master,math,GI,master2,10.12
com.netscape.Bytecard,Helga,Swayton,licence,st,GI,master1,12.15
com.slate.Hatity,Gerda,Scardefield,master,math,RT,master1,9.44
com.facebook.Tresom,Sunshine,Luto,licence,info,MATH,master1,11.3
com.bigcartel.Tempsoft,Cherice,Castanyer,licence,math,SN,master1,13.21
com.techcrunch.Daltfresh,Rey,Kift,master,info,RT,master1,10.81
com.sohu.Zaam-Dox,Elizabet,Maylor,licence,info,RT,licence2,10.17
net.themeforest.Ronstring,Damiano,Dillinton,licence,sm,SN,licence2,13.27
com.newsvine.Voltsillam,Osmond,Laurentin,master,info,MATH,licence3,12.8
com.diigo.Cardify,Tamas,Turmall,master,st,PHYSIQUE,licence3,11.55
com.ihg.Y-find,Dorelia,Sankey,master,sm,PHYSIQUE,master1,7.8
com.diigo.Aerified,Vasili,Galia,master,st,MATH,licence3,8.72
com.paypal.Ronstring,Perry,Grzegorzewicz,licence,math,SN,licence2,9.19
com.lulu.Flowdesk,Timothy,Blumire,master,st,RT,master2,10.25
com.addtoany.Mat Lam Tam,Sigfrid,Bothwell,licence,st,MATH,licence2,10.08
com.discovery.Hatity,Mariejeanne,Cassley,master,info,SN,master1,12.46
com.macromedia.Asoka,Rorke,Chritchley,master,sm,PHYSIQUE,master2,10.2
com.reverbnation.Prodder,Vivi,McCuish,licence,math,SN,licence1,10.7
com.cloudflare.Konklab,Kent,Lemmens,master,info,GI,licence1,10.74
com.time.Redhold,Melania,Starmore,licence,math,MATH,master2,8.47
edu.cmu.Subin,Mead,Bish,licence,st,MATH,licence2,10.05
com.printfriendly.Fix San,Robinett,Blakeley,licence,sm,RT,master1,12.41
io.soup.Latlux,Remy,Lourens,master,sm,PHYSIQUE,licence1,10.48
com.tripadvisor.Zamit,Elbert,Marcam,master,info,MATH,licence2,9.96
it.google.Temp,Cindelyn,Sherborn,licence,math,PHYSIQUE,master1,10.11
com.answers.Voltsillam,Cristie,Fellnee,licence,info,RT,master2,7.99
com.issuu.Bitwolf,Lissa,Silverlock,master,info,SN,licence1,9.77
com.xinhuanet.Zathin,Raeann,Canet,licence,st,RT,master2,10.62
com.ebay.Sub-Ex,Demott,Sperry,master,math,SN,licence3,11.19
org.prlog.Lotlux,Farrell,Gianneschi,licence,info,PHYSIQUE,master2,10.02
com.topsy.Trippledex,Lin,Royson,master,math,GI,licence1,13.06
com.sciencedirect.Zoolab,Norton,Doust,licence,st,RT,master1,10.45
gov.usa.Y-Solowarm,Danyette,Custard,licence,st,PHYSIQUE,licence3,10.24
com.fotki.Zathin,Theodore,MacTeague,licence,sm,GI,licence1,12.4
net.earthlink.Regrant,Lyman,Barns,licence,math,PHYSIQUE,master1,9.94
com.imdb.Zaam-Dox,Idaline,Girodon,licence,math,GL,master1,10.87
com.1688.Zathin,Moina,Eastup,master,sm,MATH,licence1,10.94
com.bing.Span,Glen,Bishell,licence,sm,RT,master1,10.9
com.forbes.Ronstring,Inga,Ayscough,master,st,PHYSIQUE,licence1,9.95
com.icq.Fixflex,Julianne,Bartolijn,licence,info,PHYSIQUE,licence1,14.48
edu.ucla.Konklab,Ignaz,Freire,licence,info,GI,licence1,11.24
com.bloglovin.Opela,Saundra,Claibourn,licence,info,PHYSIQUE,licence2,9.09
com.cnn.Latlux,Frankie,Southan,master,sm,RT,master1,8.74
org.npr.Bitwolf,Harley,Juett,master,info,MATH,licence2,9.01
com.ucoz.Treeflex,Marianne,Schneider,master,sm,GI,licence1,10.56
com.scribd.Zontrax,Cross,Baldry,licence,math,RT,master1,11.4
com.walmart.Veribet,Tiffi,Lewnden,licence,sm,GI,master2,7.77
com.merriam-webster.Home Ing,Wren,Geraldo,master,st,SN,licence3,10
jp.ne.hatena.Konklab,Jayson,Marusik,licence,sm,MATH,licence2,8.72
tv.ustream.Holdlamis,Lianne,Gifkins,licence,st,SN,licence2,8.87
org.creativecommons.Treeflex,Johna,Strongitharm,licence,st,GL,licence1,6.02
com.posterous.Rank,Lolly,Daintier,master,info,PHYSIQUE,master1,9.22
ca.cbc.Solarbreeze,Odilia,Spencook,licence,math,SN,licence2,8.05
com.disqus.Gembucket,Nariko,Mott,licence,info,RT,licence2,9.56
eu.europa.Treeflex,Phillip,Ruddock,licence,sm,RT,licence3,12.35
com.hubpages.Y-Solowarm,Theressa,MacDonell,master,sm,MATH,master1,9.79
com.shareasale.Cardify,Eric,Shortt,licence,math,RT,master1,11.18
com.livejournal.Greenlam,Tami,Jorioz,licence,info,PHYSIQUE,master2,6.03
com.163.Overhold,Cordie,Braunes,licence,sm,GI,licence3,9.83
com.moonfruit.Fixflex,Christa,Peris,licence,sm,SN,licence2,9.79
com.dagondesign.Sonair,Alric,Branthwaite,licence,math,GI,master2,9.92
uk.co.amazon.Stringtough,Sallee,Rickman,master,st,GL,licence3,9.41
com.economist.Veribet,Marilin,Tegler,master,sm,SN,master2,9.56
com.skyrock.Alphazap,Peggi,Waliszewski,licence,info,MATH,master2,11.62
org.networkadvertising.Opela,Tedmund,Giron,master,math,GI,licence3,7.56
com.twitter.Job,Artemis,Hewertson,master,info,GL,master2,9.32
com.qq.Keylex,Bent,Paddie,master,sm,GL,licence1,3.45
com.typepad.Flexidy,Burr,Keech,master,math,RT,master2,9.84
uk.ac.cam.Bamity,Cissiee,Kach,licence,info,GI,master2,15.97
jp.ne.so-net.Konklab,Joanne,Whitta,licence,st,SN,master1,12.74
org.craigslist.Bytecard,Karen,Sobczak,master,sm,GI,licence3,9.19
cc.tiny.Pannier,Katharyn,Crossley,licence,math,RT,licence1,10.62
com.cbslocal.Duobam,Giffard,Bearns,licence,sm,GL,master1,10.65
com.apple.Greenlam,El,Blanpein,master,st,GI,master2,6.22
com.wsj.Trippledex,Rafferty,Sigert,licence,st,MATH,licence3,11.66
com.barnesandnoble.Ventosanzap,Louis,Lutman,licence,sm,SN,licence2,11.23
com.vimeo.Solarbreeze,Anatola,Kertess,licence,math,GI,licence2,10.01
com.merriam-webster.Sub-Ex,Jeramey,Helks,licence,info,MATH,master1,12.53
com.naver.Lotstring,Lexi,Bichener,master,sm,SN,licence3,7
com.wunderground.Zamit,Quentin,Dilawey,licence,sm,SN,master2,9.01
com.hexun.Subin,Willard,Farbrace,master,st,GL,master2,10.7
net.clickbank.Zamit,Florian,Comoletti,master,st,RT,licence1,9.39
com.reddit.Cardify,Dar,McGarrahan,licence,math,RT,master2,10.45
org.apache.Sonair,Clarke,Burgin,licence,st,RT,licence1,2.01
uk.co.ebay.Ronstring,Bobbie,Cruces,licence,st,SN,licence1,10.08
edu.mit.Sonair,Rhianon,Nannizzi,master,math,MATH,master1,13.91
com.java.Latlux,Dona,Fosberry,master,st,PHYSIQUE,licence3,9.93
mil.army.Redhold,Hedy,Wickens,licence,math,GI,licence3,10.3
com.youku.Flexidy,Honey,Yurinov,master,sm,SN,licence2,10.19
jp.co.rakuten.Daltfresh,Oliver,Ravenhill,licence,math,MATH,master2,10.72
com.facebook.Rank,Conan,Lunney,licence,info,GI,master2,9.9
com.dagondesign.Bytecard,Ginger,Plaxton,licence,sm,PHYSIQUE,licence2,9.99
com.cnn.Aerified,Agnola,Pattini,licence,st,SN,licence3,9.78
com.addtoany.Quo Lux,Dana,Pfeifer,licence,math,GI,licence2,9.52
edu.umich.Quo Lux,Alyda,Glynne,master,math,RT,licence1,10.19
com.topsy.Greenlam,Jenica,Sabattier,master,math,GI,licence1,8.34
com.blogspot.Sub-Ex,Darby,Garr,master,info,GI,licence2,9.6
gov.nasa.Solarbreeze,Florri,Crickett,licence,sm,MATH,licence2,11.03
org.dyndns.Latlux,Danni,Lefeuvre,licence,st,RT,master1,10.28
org.creativecommons.Y-Solowarm,Suzanna,Gorrick,licence,st,RT,licence1,10.15
com.walmart.Flexidy,Cull,McCroary,master,sm,GI,licence2,9.67
com.booking.Ventosanzap,Adler,Aldhous,master,math,GL,licence2,10.97
com.addthis.It,Chick,Brazear,licence,math,SN,licence1,8.36
com.wufoo.Transcof,Gavin,Reeders,licence,sm,SN,master1,11.06
com.opera.Aerified,Serene,Pietruszka,master,st,GI,licence3,9.18
au.net.abc.Domainer,Mitchael,Fenty,master,math,RT,master2,10.48
com.fastcompany.Fixflex,Hardy,Bolsover,licence,math,GI,licence3,10.07
com.smugmug.Ventosanzap,Yelena,Galpen,licence,info,MATH,licence3,11.28
org.un.Mat Lam Tam,Patricia,Gavigan,master,info,PHYSIQUE,licence1,10.46
com.amazon.Voltsillam,Georgi,Quiddington,licence,sm,PHYSIQUE,licence2,9.53
com.mediafire.Sonsing,Cirillo,Soall,licence,sm,MATH,licence1,10.94
com.msn.Gembucket,Louie,Lebang,master,st,PHYSIQUE,licence3,12.67
com.reuters.Fix San,Madalyn,Pancost,licence,info,MATH,licence2,11.52
com.blogtalkradio.Konklab,Ruthi,Ubank,licence,st,GL,master2,10.3
nl.google.Y-find,Daisy,Shitliffe,licence,math,MATH,master2,11.42
com.mediafire.Konklux,Codi,Lammert,master,math,RT,licence1,11.76
org.pbs.Fix San,Roarke,Augur,licence,sm,RT,licence3,11.33
gov.census.Tempsoft,Virginie,Van der Krui,master,st,RT,master1,10.32
com.sun.Treeflex,Erroll,Instock,licence,info,GL,master2,10.69
com.cloudflare.Domainer,Rab,Cammomile,licence,sm,RT,master1,10.97
com.nydailynews.Fixflex,Blithe,MacGinlay,licence,sm,MATH,licence3,10.02
org.dmoz.Bytecard,Stephi,Astles,licence,st,MATH,licence1,2.42
com.oakley.Lotlux,Ignatius,Vlasyev,licence,sm,SN,licence3,9.33
com.newsvine.Opela,Toby,Nicklinson,master,st,MATH,licence2,7.32
com.myspace.Cookley,Mariele,Seldon,master,math,PHYSIQUE,licence2,9.71
gov.irs.Fixflex,Hermann,Chessil,licence,st,MATH,licence2,9.7
ru.odnoklassniki.Veribet,Berkley,Greenwood,master,math,GL,licence2,10.47
com.hubpages.Wrapsafe,Cecile,Daniau,master,st,SN,master2,9
com.vk.Voltsillam,Tristan,Minchinton,master,info,SN,licence2,9.77
com.yelp.Keylex,Annie,Alibone,licence,sm,GI,master2,10.52
com.hibu.Job,Jameson,Sammut,master,math,GL,licence3,9.85
com.fc2.Latlux,Justine,Troup,licence,st,RT,licence2,9.32
com.bloglines.Redhold,Quintana,Van Waadenburg,master,sm,PHYSIQUE,licence1,10.11
edu.psu.Konklab,Amalle,Farnaby,licence,st,GI,master2,9.29
uk.co.123-reg.Lotstring,Erica,Laydon,licence,math,RT,licence1,9.86
com.oracle.Flowdesk,Merrie,Eschelle,master,st,MATH,licence3,9.68
com.phpbb.Fintone,Denis,Saldler,licence,math,MATH,licence2,13.38
net.seesaa.Matsoft,Mignon,Noice,licence,st,GI,master1,12.34
au.org.auda.Alpha,Wendall,Hayller,licence,math,PHYSIQUE,licence1,9.12
ru.ucoz.Namfix,Stanislas,Hesbrook,master,math,GL,licence1,10.16
pl.home.Cardguard,Ayn,Copner,master,sm,MATH,master1,12.13
edu.psu.Temp,Cati,Tremblet,master,info,PHYSIQUE,licence1,10.09
gov.va.Redhold,Augustine,Dybbe,master,math,GL,master1,8.5
uk.co.dailymail.Tampflex,Bettye,Batterson,licence,sm,GI,licence2,9.72
com.cafepress.Fixflex,Orrin,Brann,master,info,GL,master2,10.95
com.salon.Tempsoft,Iormina,Mattheus,master,math,GL,licence1,10.21
com.stumbleupon.Asoka,Mollie,Read,licence,math,GI,licence3,10.14
com.nature.Tempsoft,Charlotte,Faunt,master,st,RT,licence2,10.99
jp.ameblo.Redhold,Marje,Greatrex,master,sm,GL,master2,10.79
uk.ac.cam.Cardify,Gunilla,Pettegree,master,sm,PHYSIQUE,licence1,11.52
edu.si.Alphazap,Flor,Dewsbury,master,info,RT,licence2,10.76
com.weebly.Subin,Tracy,Bolle,licence,st,GI,licence2,10.72
com.booking.Tresom,Devonne,Bosanko,master,st,PHYSIQUE,licence2,9.8
com.flickr.Flowdesk,Corine,Callan,licence,st,MATH,licence2,9.69
org.apache.Lotlux,Tatum,Gellett,master,info,MATH,licence3,11.63
jp.jugem.Keylex,Dominica,Cossam,master,st,GI,master1,10.14
com.indiegogo.Otcom,Englebert,Sanpere,licence,sm,SN,master2,10.23
edu.columbia.Konklux,Hortense,Beinisch,master,st,GL,licence2,9.56
com.list-manage.Zontrax,Ripley,Ibbison,master,st,GI,licence2,10.3
me.about.Tres-Zap,Ardelia,Tidd,master,info,RT,licence2,6.4
com.alexa.Lotstring,Willow,Lazenbury,master,sm,GL,licence2,10.4
com.arstechnica.Alpha,Tisha,Flinders,master,info,PHYSIQUE,licence1,10.08
com.weather.Namfix,Marquita,Diwell,licence,info,GI,licence3,11.52
fr.unblog.Hatity,Jessee,O'Calleran,licence,math,SN,master2,10.61
com.studiopress.Bytecard,Alica,Tear,master,math,GL,licence1,10.64
edu.si.Solarbreeze,Renard,Duplan,licence,st,SN,licence1,10.47
com.over-blog.Zoolab,Rodge,Gras,master,sm,SN,master2,3.69
com.chron.Wrapsafe,Neville,Normabell,licence,st,MATH,master1,9.66
com.taobao.Job,Eleanora,Powling,master,sm,SN,licence2,9.83
com.zimbio.Tampflex,Ronna,Winsome,master,math,PHYSIQUE,master1,10.07
com.gravatar.Konklab,Laurice,Valiant,master,math,PHYSIQUE,licence1,9.83
gov.usgs.Fix San,Lindsey,Abrahamovitz,master,st,MATH,licence3,11.15
com.imdb.Temp,Clerissa,Brightman,licence,st,RT,licence2,8.48
com.jiathis.Prodder,Bambie,Siene,master,st,RT,master1,9.77
com.acquirethisname.Zathin,Cecil,Clemmen,master,st,GL,licence1,8.12
jp.ne.ocn.Duobam,Suki,Umfrey,master,sm,GL,master2,9.28
com.technorati.Rank,Aubine,Bendley,licence,math,GI,licence2,8.03
com.wp.Gembucket,Clifford,Bushen,licence,st,SN,master1,10.03
com.blogtalkradio.Stringtough,Town,Kiossel,licence,info,PHYSIQUE,licence1,10.73
io.pen.Regrant,Darsie,Gallehock,licence,sm,GI,licence1,13.04
com.reddit.It,Ortensia,O'Scandall,master,st,GI,licence1,10.05
au.gov.nsw.Tampflex,Aggie,Darragh,master,info,PHYSIQUE,master2,9.47
edu.berkeley.Asoka,Karlie,Brenneke,master,info,SN,licence1,10.75
com.omniture.Sub-Ex,Pen,McDool,master,st,GL,licence3,10.88
com.cisco.Tempsoft,Brent,Grinyakin,master,math,GI,master2,11.02
ru.google.Treeflex,Hayley,Stedell,licence,sm,PHYSIQUE,licence3,9.26
edu.nyu.Bitwolf,Roma,Mellonby,master,sm,GL,licence1,9.52
com.xing.Flexidy,Natasha,Ruger,licence,math,PHYSIQUE,master1,11.72
jp.i2i.Redhold,Cacilie,Tomaselli,licence,info,PHYSIQUE,master1,6.61
org.mozilla.Tresom,Zandra,France,master,st,PHYSIQUE,licence2,9.13
com.netvibes.Zoolab,Kingston,Lohoar,licence,st,GI,licence1,11.36
net.jalbum.Pannier,Garv,MacCorley,licence,st,SN,licence3,10.12
pl.google.Toughjoyfax,Carolin,Slisby,licence,info,RT,licence2,2.74
br.com.uol.Namfix,Gino,Westmancoat,master,math,RT,licence1,9.04
com.delicious.Flowdesk,Deny,Bossons,master,sm,SN,master1,10.33
edu.wisc.Stim,Carrissa,Poluzzi,master,sm,GI,licence1,10.34
com.wufoo.Zaam-Dox,Ennis,Fluck,licence,st,MATH,master1,9.55
edu.unc.Bytecard,Donielle,Pebworth,master,info,RT,licence2,9.42
com.eventbrite.Flowdesk,Mara,Lacroux,master,math,SN,master1,10.01
com.zdnet.Alpha,Nelie,Goulder,licence,info,GL,licence3,11.37
com.wikispaces.Pannier,Maribeth,Munby,master,sm,GL,licence3,9.89
edu.nyu.Bigtax,Candice,Gilchrest,master,math,GL,licence1,11.36
com.acquirethisname.Opela,Lazaro,Douse,licence,sm,MATH,licence3,8.05
edu.harvard.Bytecard,Jacintha,Pfiffer,master,math,SN,licence3,9.27
com.digg.Cookley,Wallis,Pinard,licence,info,MATH,master2,10.17
com.yolasite.Transcof,Nichol,Wrenn,master,math,SN,licence1,11.27
com.sciencedirect.Bamity,Perrine,Brim,licence,info,RT,master1,11.64
com.sitemeter.Alpha,Mersey,Piggford,master,st,PHYSIQUE,master2,9.62
com.icq.Stim,Valdemar,Shieber,master,sm,GL,master2,10.32
com.usnews.Fix San,Cherie,Foulis,master,sm,RT,licence1,10.12
com.mysql.Zaam-Dox,Jean,Bruineman,master,sm,GL,licence2,9.23
net.a8.Gembucket,Darline,Espie,master,info,SN,licence3,10.75
com.wix.Matsoft,Mair,Leggan,licence,info,SN,master2,8.76
com.spotify.Duobam,Ardisj,Manilow,licence,info,MATH,master1,10.87
com.livejournal.Zamit,Hadrian,Dearman,licence,st,MATH,licence1,9.77
ru.rambler.Lotstring,Hyacinthia,Charon,master,sm,RT,licence2,10.33
com.boston.Toughjoyfax,Fredrika,Persehouse,licence,st,SN,master1,9.94
com.spotify.Zathin,Siffre,Matteacci,master,sm,MATH,licence3,9.55
net.ovh.Namfix,Christoph,Burl,licence,sm,SN,licence3,9.18
com.artisteer.Trippledex,Rancell,Thirtle,master,info,RT,master1,9.52
com.paypal.Zamit,Dyann,Demangel,licence,st,GL,licence1,8.82
com.wp.Asoka,Andi,Plaid,licence,sm,RT,master1,9.73
org.gmpg.Solarbreeze,Jenny,Cookney,master,info,GL,licence3,10.15
it.tuttocitta.Sub-Ex,Yolanthe,Chesswas,licence,math,GL,licence3,12.75
jp.ne.dion.Home Ing,Tedd,Winborn,master,st,GL,licence3,9.9
uk.co.amazon.Ronstring,Matelda,Wills,master,info,MATH,licence3,11.11
com.domainmarket.Prodder,Jelene,Lougheid,licence,st,GI,licence3,10.93
com.apple.Zamit,Atalanta,Skough,master,info,GI,licence1,11.03
jp.ne.ocn.Temp,Ferdie,Buttel,master,sm,RT,licence1,10.96
jp.shop-pro.Keylex,Margareta,Whorf,master,sm,GI,licence3,10.15
com.sciencedirect.Alpha,Isaak,Delap,master,st,GL,master1,10.38
com.angelfire.Latlux,Gardy,Aldren,master,info,GL,licence3,9.35
com.squarespace.Sonsing,Alicia,Meynell,master,info,RT,master2,9.67
com.netlog.Veribet,Matthew,Knifton,master,info,SN,master2,9.09
edu.nyu.Redhold,Mayor,Laboune,master,math,SN,master2,10.58
cn.gov.miitbeian.Keylex,Samson,Dowall,master,math,SN,licence2,11.76
com.sohu.Stronghold,Sibby,Andrioli,licence,st,RT,licence2,10.35
com.google.Bamity,Andria,Sollam,licence,info,RT,licence1,9.1
edu.illinois.Namfix,Jackqueline,Biasetti,licence,sm,GI,licence2,7.09
gov.hhs.Zathin,Papagena,Baukham,licence,math,PHYSIQUE,master2,11.6
com.lycos.Redhold,Kristos,Gerholz,master,info,MATH,master1,10.08
org.drupal.Zamit,Ricoriki,Legion,master,st,SN,master2,14.4
jp.japanpost.Bitchip,Elysha,Fieldgate,licence,info,GI,master2,10.2
com.cnn.Cookley,Keary,Luther,master,info,GL,licence2,10.94
org.prlog.Zamit,Jenni,Middas,licence,sm,PHYSIQUE,licence1,8.92
fr.unblog.Zoolab,Tani,Ivanichev,master,info,MATH,licence3,10.11
io.soup.Bitwolf,Bambi,Plante,master,sm,MATH,licence1,14.5
gov.senate.Konklux,Daniele,Crofts,master,math,SN,master1,9.22
org.wikimedia.Cardify,Trent,Veeler,master,st,RT,licence3,10.89
com.deviantart.Keylex,Elora,Boundey,master,st,RT,licence2,10.33
jp.ne.ocn.Sonair,Karalynn,Hardie,licence,info,MATH,licence2,10.36
com.dagondesign.Zaam-Dox,Nikola,Teaser,licence,sm,SN,licence2,11.98
com.deliciousdays.Lotstring,Rhys,De Freitas,licence,math,PHYSIQUE,licence3,10.55
net.discuz.Regrant,Rickey,Markova,licence,info,MATH,licence2,9.97
com.statcounter.Voyatouch,Appolonia,Lightfoot,master,sm,MATH,master1,10.62
com.aol.Flowdesk,Abbott,Hutchens,licence,st,MATH,licence2,10.06
com.howstuffworks.Zoolab,Griffin,Surmeyers,master,math,PHYSIQUE,licence2,9.81
org.creativecommons.Sonsing,Leah,Totaro,master,sm,MATH,master1,9.91
com.purevolume.Zathin,Connie,Frayn,master,st,SN,master1,8.06
com.scribd.Bamity,Rudd,Jaquin,master,st,PHYSIQUE,licence1,9.96
org.apache.Lotstring,Alleyn,Ferreira,licence,math,SN,licence2,9
com.paypal.Y-Solowarm,Hyacinthe,Antoniak,master,st,MATH,master1,10.16
com.newsvine.Andalax,Zorana,Fettiplace,licence,st,RT,licence1,10.1
com.marriott.Toughjoyfax,Janella,Goldby,master,info,GI,master2,8.77
cz.toplist.Zaam-Dox,Les,Hexter,master,sm,GI,licence1,9.63
org.networkadvertising.Keylex,Hansiain,Pamplin,master,st,MATH,master1,9.72
gov.dot.Matsoft,Nanette,Darlison,licence,info,GL,licence2,13.19
com.pcworld.Fintone,Barton,Bovingdon,master,sm,PHYSIQUE,licence2,10.2
org.gnu.Greenlam,Magnum,Bountiff,licence,math,MATH,master2,10.35
org.dmoz.Trippledex,Kean,Royle,master,info,PHYSIQUE,licence1,10.47
com.shinystat.Home Ing,Madalena,Guyver,licence,sm,PHYSIQUE,master1,10.31
org.joomla.Alphazap,Vannie,Lorkins,licence,sm,SN,licence2,8.35
mil.army.Duobam,Kerrie,Winscomb,master,sm,GI,master1,8.82
net.php.Vagram,Milty,Tapson,master,math,GI,licence2,8.24
org.networkadvertising.Hatity,Enriqueta,Grishanin,licence,st,GI,licence3,7.85
com.usatoday.Cookley,Davidde,Brockett,licence,math,GI,master2,10.47
edu.si.Vagram,Benedikta,Rapelli,licence,st,GL,licence2,11.06
uk.co.thetimes.Kanlam,Sidonnie,Hartwell,licence,sm,GI,licence3,10.26
de.amazon.Flexidy,Nealy,Rangell,licence,math,GI,licence3,10.27
net.jalbum.Sub-Ex,Celestia,Gian,master,info,RT,licence1,8.94
com.eepurl.Flowdesk,Anderea,Chidlow,master,sm,PHYSIQUE,licence1,10.12
org.w3.Treeflex,Jeanette,Capponeer,master,sm,RT,licence2,10.69
com.slate.Tres-Zap,Art,Else,licence,info,GL,master1,13.98
com.yellowbook.Wrapsafe,Leeann,Amsden,master,sm,RT,licence3,12.08
com.wiley.Sonair,Gibb,Ralton,master,st,PHYSIQUE,licence1,8.26
com.over-blog.Cardguard,Winny,Lesek,licence,sm,PHYSIQUE,master1,10.39
org.altervista.Duobam,Torey,Ruddle,master,math,GI,licence2,10.47
org.drupal.Tres-Zap,Dione,Gartside,master,st,GI,licence3,10.38
com.geocities.Opela,Mal,Lembcke,master,info,RT,master1,10.06
com.webmd.Andalax,Lazarus,Beauchamp,licence,math,PHYSIQUE,licence1,10.27
org.simplemachines.Rank,Barnett,Ingree,licence,info,PHYSIQUE,licence1,11
com.blogger.Sonair,Reginauld,Reinhart,master,st,MATH,master1,10.68
edu.cornell.Zathin,Law,Clair,licence,info,GL,licence3,11.62
ru.odnoklassniki.Sub-Ex,Anett,Paulon,master,math,GI,master2,10.23
com.pinterest.Hatity,Kelsy,Preshous,master,info,GL,master1,10.86
com.eepurl.Tres-Zap,Braden,Myrkus,master,info,GL,licence1,11.47
com.networksolutions.Sub-Ex,Tobie,Oxlee,licence,st,SN,licence2,10.4
fr.unblog.Zamit,Cristina,Beggin,licence,sm,MATH,master1,12.16
fr.unblog.Y-find,Carole,Dell Casa,licence,sm,GI,licence1,8.28
com.diigo.Konklab,Anallese,Stickels,licence,math,SN,licence3,10.2
ru.narod.Transcof,Joy,Lytell,master,sm,RT,master2,10.03
com.blogspot.Trippledex,Barnett,Keets,licence,sm,RT,master2,9.16
com.multiply.Otcom,Mario,Labdon,licence,info,PHYSIQUE,master2,9.84
com.bizjournals.Tresom,Karry,Tejero,master,sm,RT,licence3,10.95
com.phpbb.Asoka,Zerk,Whitear,licence,sm,SN,master1,10.1
com.livejournal.Solarbreeze,Kellen,Gaffon,licence,sm,PHYSIQUE,master1,10.25
gov.hud.Tres-Zap,Arvin,Sorbey,master,sm,SN,master1,10.23
com.boston.Trippledex,Valerie,Huyge,master,sm,RT,licence2,10.83
org.archive.Wrapsafe,Ciro,Pearman,master,sm,GI,licence1,9.92
com.fastcompany.Biodex,Kathi,Birkhead,licence,math,SN,licence1,10.46
edu.utexas.Konklab,Waldemar,Manwell,licence,info,GL,licence1,11.4
jp.ne.biglobe.Veribet,Shelden,Elstob,master,info,PHYSIQUE,licence1,10.49
com.amazon.Latlux,Hillary,Commucci,licence,info,GL,master1,10.08
fm.last.Voltsillam,Dinah,Harding,master,info,MATH,licence3,10.71
cn.gov.miitbeian.Fixflex,Verina,Harrhy,master,math,GL,licence1,9.86
com.adobe.Job,Morris,Cranson,licence,sm,GI,licence2,10.34
edu.psu.Hatity,Christan,Duffyn,master,info,PHYSIQUE,master1,9.65
com.hugedomains.Konklux,Torrey,Juanes,licence,info,GL,master1,10.48
org.prlog.Greenlam,Jodi,Melsome,master,sm,GI,licence2,17.8
com.slate.Subin,Goran,Pettus,master,sm,SN,licence3,12.7
com.etsy.Zoolab,Windham,Gozzett,licence,sm,RT,licence1,9.29
jp.japanpost.Holdlamis,Linnea,Caban,master,st,GL,master2,12.51
cn.360.Sub-Ex,Filia,Salmons,licence,sm,GI,licence3,16.31
com.taobao.Biodex,Lucina,Castanie,master,math,GL,master1,10.2
au.gov.oaic.Y-find,Berty,Swadon,master,math,GL,master2,9.28
vu.de.Lotlux,Gweneth,Jurzyk,master,st,GL,master2,10.62
gov.nih.Lotstring,Dael,Skillicorn,licence,st,GL,master1,9.22
gov.nih.Y-find,Tomasina,Grane,licence,sm,MATH,licence1,10.11
gov.usgs.Voyatouch,Mellie,Druhan,licence,st,PHYSIQUE,licence3,9.94
fm.last.Tresom,Ingrim,Eagling,master,math,SN,licence2,10.33
com.wikia.Sonair,Chiarra,Chorley,licence,info,PHYSIQUE,licence3,10.81
us.tx.state.Bytecard,Gusty,Teresia,licence,math,PHYSIQUE,master1,9.83
edu.yale.Sub-Ex,Monti,Meere,licence,st,GL,licence1,10.8
com.cisco.Vagram,Mariska,Daunay,licence,math,MATH,master1,10.43
com.webnode.Solarbreeze,Cyb,De Ambrosis,master,st,RT,licence2,10.52
gov.nih.Sonair,Vivi,Futty,licence,math,RT,master1,12.01
it.tuttocitta.Latlux,Fergus,Van Schafflaer,master,st,PHYSIQUE,licence1,9.93
com.vk.Bamity,Collette,Hedden,licence,math,SN,master2,10.29
gov.whitehouse.Y-Solowarm,Weylin,Crean,licence,info,GL,licence1,11.63
co.g.Tresom,Pen,Haydon,licence,sm,GL,master2,9.85
uk.co.thetimes.Transcof,Doe,Charrisson,licence,info,RT,master2,10.24
com.reuters.Vagram,Skell,Iorizzo,master,st,MATH,master2,10.14
cn.gov.miibeian.Job,Irv,Semper,master,math,PHYSIQUE,licence3,11.15
com.etsy.Pannier,Lilli,Kelson,master,st,RT,master2,10.02
com.examiner.Cardify,Deeanne,Piatto,licence,math,SN,licence3,9.91
com.eepurl.Bamity,Erin,Cordelet,licence,info,GI,master2,9.87
com.time.Bitchip,Judi,Fewtrell,master,math,PHYSIQUE,master1,10.49
uk.co.amazon.It,Emmalynn,Emmins,master,st,RT,master2,9.62
com.geocities.Cookley,Korry,Maddrah,licence,math,PHYSIQUE,master2,10.75
edu.washington.Subin,Jemmie,Barabisch,licence,sm,MATH,master2,12.1
org.gnu.Solarbreeze,Ulrike,Orritt,master,st,PHYSIQUE,licence1,10.93
gov.noaa.Keylex,Rosalia,Whitnall,licence,sm,PHYSIQUE,licence1,9.85
com.ehow.Trippledex,Isahella,Klimkin,licence,math,PHYSIQUE,licence1,10.85
com.photobucket.Alpha,Antonietta,Janodet,licence,math,RT,master1,8.95
com.bizjournals.Viva,Cam,Allix,licence,math,MATH,licence2,11.13
us.imageshack.Zathin,Colas,Tropman,master,info,PHYSIQUE,master2,10.1
com.aol.Sonsing,Ches,Ummfrey,master,st,PHYSIQUE,licence2,10.17
org.unesco.Flowdesk,Winfield,Mandel,licence,math,PHYSIQUE,licence3,10.27
com.arstechnica.Tresom,Althea,Pucker,master,st,MATH,licence2,10.4
com.reverbnation.Veribet,Kevyn,Gimert,licence,info,SN,licence2,10.8
me.flavors.Otcom,Jake,Strathe,licence,math,PHYSIQUE,licence3,11.72
edu.utexas.Redhold,Hyacinth,Gonthier,master,math,GL,licence3,10.2
com.domainmarket.Voltsillam,Babbie,Duffit,licence,sm,GI,master2,10.78
com.cargocollective.Flowdesk,Tanitansy,Gayforth,master,math,GL,licence3,12.02
ru.ucoz.Toughjoyfax,Ginelle,Raimbauld,master,math,GL,master2,10.47
com.scientificamerican.Ronstring,Issiah,Jewar,master,info,GL,licence1,10.36
org.wikipedia.Namfix,Raven,Ciubutaro,licence,sm,RT,licence1,9.87
com.reverbnation.Job,Estella,Yewen,licence,sm,GL,master2,11.09
edu.princeton.Hatity,Rubie,Paterson,master,info,GL,licence2,13.44
com.4shared.Lotlux,Win,Hambly,master,math,SN,licence3,9.2
uk.co.thetimes.Sonair,Kirby,Frodsham,licence,math,SN,licence2,9.94
jp.exblog.Fintone,Angel,Novak,licence,sm,GI,licence2,11.16
com.nature.Ventosanzap,Binni,Jirasek,master,sm,RT,licence3,10
edu.tamu.Fix San,Cymbre,Roblett,licence,info,PHYSIQUE,licence2,9.17
fr.pagesperso-orange.Flowdesk,Lydon,Finneran,licence,math,RT,master2,11.28
com.discovery.Tresom,Sigvard,Greensitt,master,st,MATH,licence3,10.71
com.salon.Tampflex,Sallee,Herreros,master,info,GL,licence3,10.39
com.livejournal.Voyatouch,Webster,Browning,licence,info,GL,master2,10.33
com.chicagotribune.Zaam-Dox,Alis,Wayman,master,sm,MATH,master2,10.1
com.businesswire.Zamit,Otto,Badham,master,st,RT,licence3,15.01
uk.ac.cam.Aerified,Thom,Branscombe,licence,st,SN,licence3,9.12
com.ebay.Toughjoyfax,Bourke,Cattach,master,info,GL,master2,15.37
de.e-recht24.Konklab,Karyn,Withams,master,math,RT,master2,11.68
com.cloudflare.Flowdesk,Dulcea,Dobrowski,master,info,PHYSIQUE,licence1,10.24
com.sciencedaily.Lotlux,Merridie,McGlue,master,math,GI,licence1,9.07
com.stumbleupon.Rank,Kendell,Duchart,licence,sm,RT,licence3,15.84
com.squarespace.Trippledex,Cort,Danher,master,info,GI,licence2,11.8
io.pen.Matsoft,Sylvia,Blackly,licence,st,SN,master1,15.43
com.newyorker.Overhold,Crista,Legging,licence,sm,GI,master1,10.71
com.techcrunch.Toughjoyfax,Toma,Merrydew,licence,info,PHYSIQUE,licence1,10.44
com.cafepress.Holdlamis,Margery,Tenniswood,licence,st,RT,licence1,9.81
net.comcast.Holdlamis,Raleigh,Rosenstein,master,sm,MATH,licence3,10.02
com.cbslocal.Gembucket,Filberte,Vila,master,st,MATH,licence3,9.92
com.latimes.Greenlam,Vikki,Harken,licence,sm,RT,licence1,10.52
com.hexun.Fix San,Thalia,McGuinley,master,st,MATH,master2,9.95
com.artisteer.Flowdesk,Sandro,Savory,licence,st,SN,licence3,9.77
com.nature.Zamit,Theobald,Basilone,licence,info,MATH,master2,9.82
com.wsj.Biodex,Sophi,Fuzzens,licence,sm,RT,licence3,10.9
com.alexa.Sonsing,Delora,Trosdall,licence,st,GL,master1,12.25
com.etsy.Prodder,Gladys,Barnett,master,math,MATH,licence2,14.26
es.google.Cardify,Kristyn,Peacocke,master,info,MATH,master1,12.21
com.jiathis.Stringtough,Maryl,Cutress,licence,sm,GI,licence3,11.25
com.histats.Biodex,Marlon,Omar,master,sm,PHYSIQUE,master1,10.16
com.weebly.Latlux,Conway,Golbourn,master,sm,MATH,licence1,12.61
com.blogtalkradio.Transcof,Bancroft,Rodders,master,st,GI,licence1,10.6
com.wordpress.Lotlux,Elinore,Tweddle,licence,st,GL,master2,10.83
gov.irs.Mat Lam Tam,Abbie,Ascraft,licence,sm,GI,licence2,11.99
com.quantcast.Tampflex,Corinne,Ribbens,licence,math,RT,licence3,11.12
com.businesswire.Rank,Kendra,Gregol,licence,st,GI,licence1,11.5
us.icio.Latlux,Merilyn,Lapping,master,sm,PHYSIQUE,master1,11.54
ch.admin.Alpha,Ameline,Keasey,master,st,SN,master1,10.64
gov.noaa.Otcom,Culley,Janeczek,licence,info,RT,licence3,9.77
com.wsj.Opela,Kitti,Dunrige,licence,sm,GL,master2,10.69
com.reuters.Domainer,Gaby,Greep,licence,sm,RT,licence3,11.48
gov.hud.Cardify,Frederico,Brasner,master,st,SN,licence2,10.92
com.jimdo.Otcom,Adair,Zecchii,licence,sm,SN,master1,10.03
com.buzzfeed.Aerified,Boot,Gadman,licence,sm,GL,master1,10.43
jp.co.yahoo.Aerified,Celina,Meredyth,master,sm,GL,master1,15.21
com.tmall.Cookley,Quillan,Jaze,master,st,SN,master2,17.03
ru.rambler.Trippledex,Franciskus,Timothy,licence,math,RT,master1,12.59
me.about.Holdlamis,Moe,Ollenbuttel,master,sm,PHYSIQUE,licence1,9.84
us.icio.Fintone,Catarina,Skewis,master,info,PHYSIQUE,master1,10.12
com.addtoany.Stringtough,Dee dee,Vinter,master,sm,GI,licence3,13.29
com.aol.Bitwolf,Bamby,Shillitto,licence,info,GL,licence3,8.89
edu.cmu.Tres-Zap,Cly,Gadney,licence,math,GI,licence1,9.88
com.slate.Latlux,Linell,Conway,licence,st,GI,master2,10.34
com.shareasale.Rank,Broddy,Keningley,licence,sm,GI,licence1,9.27
br.com.uol.Bamity,Gothart,Doniso,master,math,PHYSIQUE,master2,10.6
com.bloglovin.Flexidy,Yolanda,Gillingham,licence,info,SN,licence3,9.52
org.slashdot.Sonsing,Winnie,Rennocks,master,sm,RT,licence1,10
com.usnews.Solarbreeze,Felike,Lince,master,sm,GL,licence1,11.47
com.bizjournals.Opela,Arabella,Twitchett,licence,math,SN,master1,11.25
ru.yandex.Temp,Ivan,Attrey,licence,st,PHYSIQUE,licence3,9.26
de.e-recht24.Stringtough,Jorgan,Ferenczi,licence,sm,RT,master1,10.41
com.mayoclinic.Solarbreeze,Fidelia,Rosenzveig,master,sm,MATH,licence1,12.35
net.comcast.Cookley,Lydia,Sherry,master,info,RT,licence1,12.83
ru.narod.Bamity,Kiersten,Castanie,licence,sm,RT,licence3,10.11
com.reference.Asoka,Lani,Cuskery,master,math,SN,licence2,9.84
com.histats.Cookley,Kendre,Killigrew,master,math,RT,licence2,11.46
io.github.Zathin,Aurilia,Yielding,licence,st,GL,licence1,10.19
com.hibu.Namfix,Dewey,Jurisch,master,sm,MATH,licence2,14.02
com.netscape.Matsoft,Gilligan,Bunhill,licence,st,GL,licence1,11.16
com.tumblr.Stim,Horatio,Rizzardo,licence,sm,MATH,licence3,10.53
cn.com.china.Zoolab,Lora,Danshin,licence,sm,MATH,master2,9.22
com.marketwatch.Otcom,Shelley,Steer,master,math,RT,licence1,10.13
ru.rambler.Domainer,Forbes,Ibberson,master,math,PHYSIQUE,licence3,10.97
cn.desdev.Treeflex,Max,M'Quharge,licence,sm,GI,master1,10.1
jp.ameblo.Opela,Dotty,Dunhill,licence,sm,MATH,licence2,10.09
com.cbsnews.Andalax,Curran,Woodberry,master,st,GL,master1,10.8
com.google.Otcom,Cacilie,Titheridge,master,math,SN,master2,11.62
net.earthlink.Domainer,Lulita,Paulack,master,sm,MATH,licence1,8.99
com.sogou.Zamit,Gleda,Albone,master,math,RT,licence1,9.78
io.pen.Hatity,Felicle,Calverd,master,math,GI,licence3,10.42
com.list-manage.Treeflex,Bordie,Cudbertson,master,st,MATH,master2,8.83
org.drupal.Voyatouch,Phebe,Whild,licence,sm,GL,licence3,11.35
cc.tiny.Tampflex,Emiline,Romushkin,licence,info,MATH,licence2,11.32
com.marriott.Hatity,Catarina,Benterman,master,st,PHYSIQUE,licence3,13.19
com.histats.Regrant,Sibilla,Ervin,master,math,MATH,master2,11.3
org.dyndns.Toughjoyfax,Janina,Diggar,licence,math,SN,master2,10.62
cn.com.sina.Fix San,Casi,Benfell,master,sm,RT,licence1,10.69
org.networkadvertising.Alphazap,Janette,Garman,master,sm,SN,master1,11.95
com.sogou.It,Gregoire,Wallwood,master,math,GI,master2,10.23
com.answers.Hatity,Sasha,Pfaffe,master,st,SN,licence1,9.94
com.seattletimes.Overhold,Jenda,Cruxton,licence,st,PHYSIQUE,master2,10.02
jp.jugem.Daltfresh,Josee,MacIllrick,master,info,GL,licence3,10.35
com.baidu.Quo Lux,Husein,Cranny,master,st,SN,licence2,9.18
com.weather.Stronghold,Wynne,Tremellan,master,sm,RT,licence2,11.26
com.ycombinator.Rank,Moe,Bowland,master,st,SN,licence3,7.24
com.wunderground.Voltsillam,Evangeline,Bastie,licence,math,GL,master1,12.62
au.gov.privacy.Latlux,Mile,Vannah,master,math,MATH,master1,10.42
com.netvibes.Cookley,Nikolia,Bleakman,master,st,PHYSIQUE,master1,10.11
au.gov.nsw.Redhold,Adam,McComb,licence,info,PHYSIQUE,licence2,9.1
edu.wisc.Ronstring,Marlena,Skirling,licence,st,SN,licence3,10.84
com.hubpages.Wrapsafe,Haley,Cardow,licence,info,PHYSIQUE,licence3,10.39
edu.msu.Latlux,Kris,Corson,master,sm,SN,master2,10.7
com.dedecms.It,Annetta,Llewhellin,licence,info,GI,licence1,10.54
cc.tiny.Kanlam,Yank,Carlill,licence,sm,RT,licence1,11.06
com.hostgator.Matsoft,Antony,McNeish,master,math,MATH,licence3,9.86
com.buzzfeed.Hatity,Jade,Blandamere,master,sm,PHYSIQUE,master2,13.31
com.artisteer.Biodex,Wilie,Dartnell,licence,st,PHYSIQUE,master1,9.99
com.wikispaces.It,Howey,Raffels,master,info,GL,licence3,9.84
com.cyberchimps.Vagram,Nalani,Sanney,licence,st,MATH,licence1,10.01
com.instagram.Bitchip,Tarra,Castagno,master,math,MATH,licence1,8.05
com.theguardian.Latlux,Pancho,Pietri,licence,sm,PHYSIQUE,licence3,10.56
edu.illinois.Matsoft,Audi,Scane,licence,sm,PHYSIQUE,licence1,10.04
com.java.Regrant,Sargent,Ricarde,master,info,PHYSIQUE,licence3,10
com.pcworld.Greenlam,Trev,Lathee,licence,math,GI,master1,9.42
com.youtube.Namfix,Berky,Dable,licence,math,GL,master2,8.8
com.dailymotion.Bamity,Ezri,Letertre,licence,st,SN,licence2,10.69
com.live.Ventosanzap,Saxe,Denziloe,master,sm,GI,licence2,12.61
uk.co.independent.Flexidy,Ruprecht,Brixham,master,st,GI,licence3,10.38
com.salon.Sonair,Carleen,Prew,master,st,MATH,master2,10.05
com.github.Temp,Giacobo,Winsley,licence,info,GL,master1,8.88
com.eepurl.Konklab,Janeczka,Fishbourn,master,info,MATH,licence2,10.27
jp.ne.dion.Y-Solowarm,Marshall,Pietron,licence,math,GL,master2,11
com.blogspot.Ventosanzap,Alyce,Yushin,licence,info,GI,licence1,10.68
com.bandcamp.It,Leone,While,master,st,RT,licence3,11.62
com.addtoany.Bitwolf,Berton,Barnes,master,math,RT,licence2,10.23
com.friendfeed.Flowdesk,Roselin,Birtchnell,master,sm,MATH,licence3,10.86
gov.house.Pannier,Sharona,Sheed,master,info,RT,licence3,11.47
com.canalblog.Y-find,Bernadene,McNickle,licence,info,MATH,licence1,10.4
au.gov.oaic.Viva,Katrinka,Chimenti,licence,sm,SN,licence2,12.16
ca.cbc.Hatity,Roselia,MacSorley,master,info,PHYSIQUE,licence1,8.28
jp.co.rakuten.Namfix,Caria,O'Neary,licence,sm,RT,master1,10.2
com.washingtonpost.Mat Lam Tam,Barbra,Liff,master,info,SN,licence3,10.03
com.squarespace.Ronstring,Derward,Harvison,master,math,GL,licence1,9.16
com.apple.Holdlamis,Garrot,Claiden,master,sm,GI,master2,9.84
com.newyorker.Tampflex,Remington,Baelde,master,st,GL,master1,10.95
com.opera.Bigtax,Lark,Staff,master,st,RT,master1,10.1
com.lycos.Bitwolf,Derick,Agutter,master,math,GI,licence2,10.25
cz.mapy.Transcof,Lance,Symcock,master,sm,GL,licence1,10.23
com.mozilla.Lotlux,Jeremy,Emberton,licence,info,SN,licence2,10.83
com.flickr.Tempsoft,Humbert,Grisard,licence,math,RT,licence3,9.92
nl.google.Ronstring,Lesley,Trouel,licence,sm,GI,master1,10.46
com.xrea.Fix San,Aluino,O' Reagan,licence,math,SN,licence3,11.4
com.example.Andalax,Rafa,Eton,master,sm,SN,licence3,10.49
gov.irs.Bitchip,Lauren,Fennell,master,math,PHYSIQUE,licence1,10.08
cn.com.sina.Fix San,Marin,Zealey,licence,info,GI,licence1,10.71
com.mashable.Konklab,Doug,Buttwell,licence,sm,MATH,licence2,9.86
com.xinhuanet.Lotlux,Tatiana,Craze,licence,info,MATH,licence1,10.34
com.ft.Subin,Gracia,Lawlie,licence,math,GI,licence1,9.65
uk.co.ebay.Matsoft,Steffie,Georgeot,master,st,SN,licence2,10.48
jp.ne.ocn.Alpha,Daveen,Brushneen,master,sm,GL,licence2,17.8
org.altervista.Veribet,Elaina,Keegan,licence,st,MATH,master1,12.7
edu.harvard.Mat Lam Tam,Evyn,Swetenham,licence,sm,GI,licence1,9.29
com.domainmarket.Trippledex,Susannah,Cromblehome,licence,sm,RT,licence3,12.51
com.spotify.Prodder,Silvain,Peterson,licence,st,GI,licence1,16.31
com.dell.Cardguard,Elmer,Crocetti,licence,st,RT,licence3,10.2
com.alibaba.Matsoft,Petr,Hunnisett,licence,st,RT,licence2,9.28
ch.admin.Daltfresh,Barbe,Driscoll,master,info,GI,licence1,10.62
com.sfgate.Zoolab,Tish,Jeschner,master,sm,RT,licence1,9.22
au.org.auda.Tin,Wilfred,Barthram,master,sm,RT,licence3,10.11
com.vinaora.Vagram,Andreas,Daynter,licence,st,GI,master2,9.94
edu.msu.Viva,Myrilla,Todman,master,sm,GL,master1,10.33
com.taobao.Zontrax,Omar,Sherrum,master,info,RT,licence3,10.81
com.artisteer.Treeflex,Rhianna,Hellings,licence,math,GL,master1,9.83
jp.ne.dion.Sonsing,Judah,Lotherington,licence,sm,PHYSIQUE,master1,10.8
jp.ne.hatena.Domainer,Georgianna,Benitti,master,math,PHYSIQUE,master1,10.43
com.indiatimes.It,Trescha,Canto,master,st,GL,licence1,10.52
com.reference.Tampflex,Filippa,Pavlasek,licence,st,GL,master2,12.01
com.blogger.Viva,Jo-ann,Germaine,licence,math,MATH,master1,9.93
com.diigo.Sonsing,Renate,Ferrettini,licence,info,GI,licence3,10.29
com.xrea.Mat Lam Tam,Kendra,Sliman,master,math,SN,licence1,11.63
com.flickr.Zamit,Maisie,Chateau,licence,math,GL,licence1,9.85
com.latimes.Daltfresh,Aguie,Rew,licence,info,MATH,master1,10.24
com.ning.Matsoft,Bertine,Micklewicz,licence,info,GL,licence3,10.14
com.4shared.Stronghold,Clemmy,McKerton,master,math,SN,licence3,11.15
com.pcworld.Matsoft,Aeriela,Cridlan,licence,sm,RT,master1,10.02
com.netlog.Cardguard,Virginia,Heustace,licence,sm,PHYSIQUE,licence1,9.91
com.booking.Konklux,Tabbitha,Kealy,licence,info,RT,master1,9.87
com.weibo.Overhold,Gwendolyn,Sommerfeld,master,st,GI,master2,10.49
com.indiatimes.Y-Solowarm,Maisey,McDiarmid,licence,sm,PHYSIQUE,licence3,9.62
com.hostgator.Home Ing,Alexis,Forsard,licence,sm,RT,master2,10.75
com.tinypic.Flexidy,Natal,Libbe,licence,math,RT,licence3,12.1
com.instagram.Alphazap,Dunn,Pitkin,licence,math,GI,master2,10.93
jp.ne.sakura.Quo Lux,Giustino,Skyppe,licence,math,SN,licence1,9.85
fr.google.Zamit,Cindi,Coxhell,licence,math,GI,master2,10.85
com.wired.Kanlam,Stanly,Ruddy,licence,math,GL,licence2,8.95
gov.usda.Subin,Gallagher,Pardey,master,math,MATH,licence3,11.13
com.chron.Span,Napoleon,Elsmere,master,st,GL,licence3,10.1
com.theatlantic.Asoka,Raychel,Bristoe,master,sm,GI,licence2,10.17
net.jalbum.Subin,Debee,Trosdall,master,sm,SN,licence2,10.27
gov.usa.Cookley,Mayer,Sedgmond,licence,info,MATH,licence2,10.4
com.usatoday.Konklux,Zeb,Sommerland,master,math,GL,licence2,10.8
ru.ucoz.Transcof,Lucho,Heckney,licence,st,SN,master1,11.72
com.kickstarter.Latlux,Lucie,Colombier,master,math,SN,licence2,10.2
com.businesswire.Ronstring,Bobina,Dasent,master,math,GI,master1,10.78
com.netvibes.Konklux,Inge,Umpleby,licence,info,PHYSIQUE,licence1,12.02
net.themeforest.Ronstring,Birgit,Bricksey,licence,st,PHYSIQUE,licence2,10.47
com.godaddy.Aerified,Emile,Mixon,master,sm,MATH,licence1,10.36
com.cnn.Regrant,Clemmie,Pettwood,master,st,GL,licence2,9.87
com.fotki.Job,Lorianne,Josefson,master,math,GI,master1,11.09
com.myspace.Pannier,Son,Bagworth,licence,sm,SN,licence3,13.44
net.furl.Latlux,Artie,Tyzack,licence,math,PHYSIQUE,licence2,9.2
ru.yandex.Vagram,Solomon,Coping,licence,st,GI,licence3,9.94
com.rediff.Namfix,Cinderella,Keates,master,info,GL,master2,11.16
com.chronoengine.Greenlam,Michel,Wike,licence,math,SN,master2,10
com.webmd.Bitchip,Rica,Holby,master,math,MATH,licence2,9.17
com.example.Otcom,Neils,Kemmey,licence,math,PHYSIQUE,master2,11.28
com.engadget.Gembucket,Dre,Barthelemy,licence,info,GI,master1,10.71
com.myspace.Gembucket,Arlin,Brigden,licence,st,MATH,licence2,10.39
com.weather.Tres-Zap,Will,Medhurst,master,info,PHYSIQUE,master1,10.33
com.mediafire.Lotlux,Ailee,Wallsam,master,st,RT,licence2,10.1
com.pinterest.Stim,Madlen,McKim,licence,st,PHYSIQUE,master2,15.01
edu.columbia.Zathin,Salvidor,Stallan,master,st,SN,master2,9.12
gov.dot.Transcof,Lyn,Vanichev,licence,st,PHYSIQUE,licence3,15.37
uk.co.google.Domainer,Ernestus,Bernier,licence,sm,GL,licence3,11.68
jp.ne.so-net.Tres-Zap,Bradney,Kopf,master,math,MATH,master1,10.24
com.surveymonkey.Toughjoyfax,Harmonia,Mazzeo,master,sm,PHYSIQUE,master2,9.07
com.opera.Opela,Moshe,Guillon,licence,sm,PHYSIQUE,master1,15.84
ru.vkontakte.Konklux,Gibb,Vedekhin,licence,info,GI,licence1,11.8
org.simplemachines.Y-find,Rustie,O'Cannavan,master,sm,PHYSIQUE,master2,15.43
com.fastcompany.Fixflex,Ax,Bogey,master,sm,GI,master1,10.71
com.instagram.Y-Solowarm,Mariya,Winsor,licence,st,SN,licence2,10.44
com.ning.Fix San,Benny,Sumner,master,info,GI,licence1,9.81
com.smugmug.Treeflex,Harwilll,Gravells,master,st,GL,licence3,10.02
com.mayoclinic.Tres-Zap,Cortney,Anstiss,licence,st,GI,licence3,9.92
ru.ucoz.Cookley,Janka,Parsonson,master,info,SN,licence3,10.52
com.tripod.Cookley,Berri,Varley,master,info,MATH,licence2,9.95
com.nydailynews.Sonsing,Cosette,MacCartan,licence,math,PHYSIQUE,licence2,9.77
com.slate.Sonair,Moll,Rabat,licence,sm,GI,licence3,9.82
edu.ucsd.Cardguard,Hendrick,Chrystie,licence,st,GL,licence2,10.9
com.disqus.Zamit,Jesus,Janic,licence,math,PHYSIQUE,master1,12.25
br.com.google.Stringtough,Amberly,Ivakhnov,licence,st,SN,master2,14.26
fr.google.Cardify,Lise,Penson,master,math,RT,licence1,12.21
com.taobao.Pannier,Gabriella,Gleed,licence,math,GL,master1,11.25
co.t.Daltfresh,Garrard,Constant,licence,info,GI,master1,10.16
me.about.Zaam-Dox,Cassandry,Bush,licence,info,SN,licence1,12.61
com.blog.Flowdesk,Dania,Mincini,master,st,RT,licence3,10.6
com.technorati.Wrapsafe,Ronnica,Rawstorne,licence,sm,MATH,master2,10.83
com.canalblog.Latlux,Wileen,Fosken,licence,sm,RT,licence3,11.99
fr.google.Cookley,Uriah,Kelso,licence,st,PHYSIQUE,licence1,11.12
gov.hhs.Aerified,Kathi,Keyte,licence,math,RT,licence3,11.5
com.zimbio.Namfix,Bastien,Haney,master,math,SN,master1,11.54
com.freewebs.Viva,Hettie,Clemenceau,master,sm,PHYSIQUE,licence3,10.64
cn.gov.miibeian.Flowdesk,Wildon,Croydon,master,sm,PHYSIQUE,licence3,9.77
com.newsvine.Redhold,Charity,Marjoribanks,master,info,PHYSIQUE,master2,10.69
com.smugmug.Viva,Royal,Gludor,master,info,MATH,master1,11.48
com.deliciousdays.Andalax,Alfy,Cleen,licence,st,GI,licence1,10.92
com.goodreads.Voltsillam,Brook,Senechault,master,info,GI,licence3,10.03
com.zimbio.Span,Durward,Glauber,master,info,GL,licence3,10.43
com.seattletimes.Wrapsafe,Andrus,Rizzo,master,info,SN,licence3,15.21
com.xinhuanet.Otcom,Lowe,Brewster,master,math,SN,licence2,17.03
it.paginegialle.Pannier,Freddie,Izakov,master,math,PHYSIQUE,licence1,12.59
org.prlog.Job,Staford,Butte,licence,info,RT,licence1,9.84
com.ifeng.Prodder,Joaquin,Bowering,licence,sm,GI,licence2,10.12
com.sciencedaily.Alpha,Wylma,Hansberry,licence,sm,MATH,master2,13.29
com.ezinearticles.Lotlux,Debby,Aizic,licence,sm,GI,licence1,8.89
de.1und1.Job,Angelika,Davenport,licence,info,GL,licence2,9.88
com.dailymotion.Zathin,Maxim,Fownes,licence,st,PHYSIQUE,licence2,10.34
io.soup.Greenlam,Neda,Piletic,licence,sm,MATH,licence3,9.27
au.gov.nsw.Y-Solowarm,Myrle,Roggers,licence,info,GL,master1,10.6
jp.co.rakuten.Sonair,Archy,Shaxby,master,sm,RT,master2,9.52
com.cafepress.Cookley,Oralie,Hounsom,master,st,GI,licence1,10
com.alexa.Cardguard,Cassie,Siviter,master,st,GI,licence2,11.47
com.printfriendly.Tin,Arlana,Anyon,master,sm,PHYSIQUE,licence2,11.25
com.blogspot.Alpha,Elston,Nevison,licence,info,GL,licence3,9.26
nl.google.Opela,Bank,Iacopini,master,info,GL,master1,10.41
edu.berkeley.Bigtax,Melanie,Boatwright,licence,info,PHYSIQUE,licence2,12.35
com.mac.Lotstring,Umeko,McRavey,master,sm,PHYSIQUE,master1,12.83
com.usatoday.Matsoft,Carey,Simonassi,licence,st,PHYSIQUE,master1,10.11
com.cloudflare.Ronstring,Guglielma,Willsmore,master,info,RT,licence1,9.84
mil.army.Flowdesk,Ezmeralda,Earengey,licence,st,SN,licence1,11.46
gov.fda.Home Ing,Annamarie,Mersey,master,st,GL,master2,10.19
com.webs.Namfix,Melonie,Druett,licence,sm,RT,licence3,14.02
com.bing.Span,Larine,Dudman,master,info,MATH,licence1,11.16
com.alexa.Cardguard,Robbie,Sanzio,master,sm,PHYSIQUE,master1,10.53
com.marketwatch.Opela,Berny,Haldon,master,sm,MATH,master1,9.22
ru.narod.Domainer,Carley,Forri,licence,info,SN,master1,10.13
uk.nhs.Ventosanzap,Tabor,Brodest,licence,sm,SN,master1,10.97
com.booking.Temp,Geoff,Beers,licence,st,GL,master2,10.1
com.ucoz.Tres-Zap,Samara,Eisikovitsh,master,math,MATH,licence2,10.09
au.org.auda.Transcof,Karolina,Nairy,licence,sm,SN,licence2,10.8
com.csmonitor.Subin,Jerald,Kunes,licence,math,PHYSIQUE,master2,11.62
tv.ustream.Voyatouch,Jon,Cogdon,licence,sm,GI,master1,8.99
gov.cdc.Daltfresh,Jandy,Fussell,master,math,GI,master2,9.78
org.slashdot.Zaam-Dox,Flemming,Catling,licence,sm,MATH,licence2,10.42
gov.usda.Asoka,Denney,Hugonneau,master,info,RT,master2,8.83
com.instagram.Lotstring,Claude,Fumagalli,licence,sm,SN,master1,11.35
com.patch.Sonair,Perla,Matches,master,info,GI,master2,11.32
br.com.uol.Daltfresh,Emily,Vaggers,master,sm,MATH,master1,13.19
us.icio.Regrant,Adams,Renn,master,info,SN,licence1,11.3
com.oakley.Fixflex,Krishna,Rylstone,licence,math,PHYSIQUE,licence2,10.62
com.instagram.Stringtough,Rutledge,Casolla,licence,math,PHYSIQUE,licence1,10.69
com.myspace.Bitwolf,Adelle,Jado,master,math,MATH,master2,11.95
com.skyrock.Subin,Hill,Astling,licence,info,RT,licence3,10.23
com.mlb.Wrapsafe,Gualterio,Borlease,master,info,GI,licence2,9.94
com.sfgate.Kanlam,Jenn,Olrenshaw,master,math,GL,licence1,10.02
com.networksolutions.Cookley,Trenna,Cassely,master,math,RT,master1,10.35
com.printfriendly.Viva,Giselbert,Seaman,master,info,GI,licence1,9.18
us.tx.state.Stim,Maximilianus,Shire,master,sm,PHYSIQUE,licence1,11.26
com.scribd.Stim,Nat,Phipard-Shears,licence,info,GL,master1,7.24
com.meetup.Otcom,Darell,Gilmore,licence,st,RT,licence1,12.62
